exercise_key,avg_duration,median_intensity,count,avg_calories
exercise 1,40.06699751861042,5.0,,
exercise 10,40.31658291457286,5.0,,
exercise 2,39.86376811594203,5.0,,
exercise 3,40.35584415584415,6.0,,
exercise 4,40.455525606469,6.0,,
exercise 5,40.004950495049506,5.0,,
exercise 6,40.17060367454068,5.0,,
exercise 7,40.51813471502591,6.0,,
exercise 8,40.89168765743073,6.0,,
exercise 9,39.25126903553299,5.5,,
squat,,,1.0,30.0
