exercise_key,score
squat,0.6
exercise 3,0.4
exercise 4,0.4
exercise 7,0.4
exercise 8,0.4
exercise 9,0.3666666666666667
exercise 1,0.3333333333333333
exercise 10,0.3333333333333333
exercise 2,0.3333333333333333
exercise 5,0.3333333333333333
exercise 6,0.3333333333333333
